duration_vocalisation,nb_fledged_young
4523.960098,1
1612.789916,2
872.6412339,2
820.0676362,3
122.3053053,2
767.1120373,0
228.2769984,0
127.8209036,0
16.44887751,0
